year,disease_type,data_type,name,forecast,rate,lb,ub
1995,IBD,Prevalence,Newfoundland and Labrador,0,177.1000061,166.1999969,188.1000061
1996,IBD,Prevalence,Newfoundland and Labrador,0,244.5,231.6000061,257.5
1997,IBD,Prevalence,Newfoundland and Labrador,0,303.7000122,289.1000061,318.2999878
1998,IBD,Prevalence,Newfoundland and Labrador,0,349,333.2000122,364.7999878
1999,IBD,Prevalence,Newfoundland and Labrador,0,390.1000061,373.2999878,406.8999939
2000,IBD,Prevalence,Newfoundland and Labrador,0,428.3999939,410.7000122,446.1000061
2001,IBD,Prevalence,Newfoundland and Labrador,0,456.6000061,438.2999878,474.8999939
2002,IBD,Prevalence,Newfoundland and Labrador,0,476.7999878,458,495.5
2003,IBD,Prevalence,Newfoundland and Labrador,0,501.2000122,482,520.5
2004,IBD,Prevalence,Newfoundland and Labrador,0,529.2000122,509.3999939,549
2005,IBD,Prevalence,Newfoundland and Labrador,0,566.5,546,587.0999756
2006,IBD,Prevalence,Newfoundland and Labrador,0,597.2000122,576,618.4000244
2007,IBD,Prevalence,Newfoundland and Labrador,0,624.7999878,603.0999756,646.5999756
2008,IBD,Prevalence,Newfoundland and Labrador,0,650,627.9000244,672.0999756
2009,IBD,Prevalence,Newfoundland and Labrador,0,671.7000122,649.4000244,694.0999756
2010,IBD,Prevalence,Newfoundland and Labrador,0,693,670.4000244,715.5999756
2011,IBD,Prevalence,Newfoundland and Labrador,0,723.0999756,700.0999756,746.0999756
2012,IBD,Prevalence,Newfoundland and Labrador,0,747.4000244,724.0999756,770.7999878
2013,IBD,Prevalence,Newfoundland and Labrador,0,775.4000244,751.5999756,799.2000122
2014,IBD,Prevalence,Newfoundland and Labrador,0,803.7000122,779.5,827.9000244
2015,IBD,Prevalence,Newfoundland and Labrador,1,835.5,820.2999878,850.7000122
2016,IBD,Prevalence,Newfoundland and Labrador,1,868.7000122,838,899.4000244
2017,IBD,Prevalence,Newfoundland and Labrador,1,904.2000122,849.2999878,959.0999756
2018,IBD,Prevalence,Newfoundland and Labrador,1,939.5999756,860.9000244,1018.299988
2019,IBD,Prevalence,Newfoundland and Labrador,1,974.9000244,872.7000122,1077.099976
2020,IBD,Prevalence,Newfoundland and Labrador,1,1010,884.5999756,1135.5
2021,IBD,Prevalence,Newfoundland and Labrador,1,1045.099976,896.5,1193.599976
2022,IBD,Prevalence,Newfoundland and Labrador,1,1080,908.4000244,1251.599976
2023,IBD,Prevalence,Newfoundland and Labrador,1,1114.800049,920.2999878,1309.400024
2024,IBD,Prevalence,Newfoundland and Labrador,1,1149.599976,932,1367.099976
2025,IBD,Prevalence,Newfoundland and Labrador,1,1184.199951,943.7000122,1424.800049
2026,IBD,Prevalence,Newfoundland and Labrador,1,1218.800049,955.2000122,1482.400024
2027,IBD,Prevalence,Newfoundland and Labrador,1,1253.300049,966.5999756,1540.099976
2028,IBD,Prevalence,Newfoundland and Labrador,1,1287.800049,977.9000244,1597.699951
2029,IBD,Prevalence,Newfoundland and Labrador,1,1322.199951,988.9000244,1655.400024
2030,IBD,Prevalence,Newfoundland and Labrador,1,1356.5,999.9000244,1713.199951
2031,IBD,Prevalence,Newfoundland and Labrador,1,1390.800049,1010.599976,1771
2032,IBD,Prevalence,Newfoundland and Labrador,1,1425.099976,1021.200012,1829
2033,IBD,Prevalence,Newfoundland and Labrador,1,1459.300049,1031.699951,1886.900024
2034,IBD,Prevalence,Newfoundland and Labrador,1,1493.5,1042,1945
2035,IBD,Prevalence,Newfoundland and Labrador,1,1527.599976,1052.099976,2003.199951
2002,IBD,Prevalence,Alberta,0,317.5,311.2000122,323.7000122
2003,IBD,Prevalence,Alberta,0,381.8999939,375.1000061,388.7000122
2004,IBD,Prevalence,Alberta,0,427.3999939,420.2999878,434.5
2005,IBD,Prevalence,Alberta,0,464.7999878,457.5,472.2000122
2006,IBD,Prevalence,Alberta,0,498.5,491,506
2007,IBD,Prevalence,Alberta,0,526.7000122,519.0999756,534.2999878
2008,IBD,Prevalence,Alberta,0,555.0999756,547.4000244,562.7999878
2009,IBD,Prevalence,Alberta,0,579.9000244,572.0999756,587.7000122
2010,IBD,Prevalence,Alberta,0,609.7999878,601.9000244,617.7000122
2011,IBD,Prevalence,Alberta,0,638.5999756,630.5,646.5999756
2012,IBD,Prevalence,Alberta,0,662.2000122,654.0999756,670.2999878
2013,IBD,Prevalence,Alberta,0,684.5,676.2999878,692.5999756
2014,IBD,Prevalence,Alberta,0,709.4000244,701.2000122,717.5
2015,IBD,Prevalence,Alberta,0,734.7000122,726.5,743
2016,IBD,Prevalence,Alberta,0,759.2999878,751,767.7000122
2017,IBD,Prevalence,Alberta,0,778.5,770.0999756,786.9000244
2018,IBD,Prevalence,Alberta,0,796.2000122,787.7999878,804.7000122
2019,IBD,Prevalence,Alberta,1,827.5,813.7000122,841.4000244
2020,IBD,Prevalence,Alberta,1,858.7000122,831.7999878,885.5999756
2021,IBD,Prevalence,Alberta,1,889.7000122,850.5,929
2022,IBD,Prevalence,Alberta,1,920.5999756,869.7000122,971.5999756
2023,IBD,Prevalence,Alberta,1,951.4000244,889.2999878,1013.5
2024,IBD,Prevalence,Alberta,1,982.0999756,909.2999878,1054.800049
2025,IBD,Prevalence,Alberta,1,1012.700012,929.7999878,1095.599976
2026,IBD,Prevalence,Alberta,1,1043.199951,950.5,1135.900024
2027,IBD,Prevalence,Alberta,1,1073.599976,971.5,1175.699951
2028,IBD,Prevalence,Alberta,1,1104,992.7999878,1215.099976
2029,IBD,Prevalence,Alberta,1,1134.300049,1014.299988,1254.199951
2030,IBD,Prevalence,Alberta,1,1164.5,1036.099976,1292.900024
2031,IBD,Prevalence,Alberta,1,1194.699951,1058,1331.400024
2032,IBD,Prevalence,Alberta,1,1224.800049,1080.099976,1369.599976
2033,IBD,Prevalence,Alberta,1,1254.900024,1102.300049,1407.5
2034,IBD,Prevalence,Alberta,1,1285,1124.699951,1445.199951
2035,IBD,Prevalence,Alberta,1,1315,1147.199951,1482.800049
1999,IBD,Prevalence,British Columbia,0,385.7000122,379.6000061,391.7999878
2000,IBD,Prevalence,British Columbia,0,407.1000061,400.7999878,413.2999878
2001,IBD,Prevalence,British Columbia,0,428.3999939,422,434.7999878
2002,IBD,Prevalence,British Columbia,0,448.2999878,441.7999878,454.7000122
2003,IBD,Prevalence,British Columbia,0,468.7000122,462.1000061,475.2999878
2004,IBD,Prevalence,British Columbia,0,488,481.2999878,494.7999878
2005,IBD,Prevalence,British Columbia,0,506.7999878,500,513.7000122
2006,IBD,Prevalence,British Columbia,0,525.5,518.5999756,532.4000244
2007,IBD,Prevalence,British Columbia,0,542.4000244,535.4000244,549.2999878
2008,IBD,Prevalence,British Columbia,0,558.5999756,551.5999756,565.7000122
2009,IBD,Prevalence,British Columbia,0,578.2000122,571.0999756,585.2999878
2010,IBD,Prevalence,British Columbia,0,599.5999756,592.4000244,606.7000122
2011,IBD,Prevalence,British Columbia,0,622.5,615.2000122,629.7999878
2012,IBD,Prevalence,British Columbia,0,634.7999878,627.5,642.0999756
2013,IBD,Prevalence,British Columbia,0,648,640.5999756,655.2999878
2014,IBD,Prevalence,British Columbia,0,659.9000244,652.5999756,667.2999878
2015,IBD,Prevalence,British Columbia,0,676,668.5999756,683.2999878
2016,IBD,Prevalence,British Columbia,0,691.5999756,684.2000122,699
2017,IBD,Prevalence,British Columbia,0,706,698.5999756,713.4000244
2018,IBD,Prevalence,British Columbia,0,719.7999878,712.4000244,727.2000122
2019,IBD,Prevalence,British Columbia,0,730.2000122,722.7000122,737.5999756
2020,IBD,Prevalence,British Columbia,1,745.2000122,742.4000244,748
2021,IBD,Prevalence,British Columbia,1,763.0999756,756.4000244,769.7999878
2022,IBD,Prevalence,British Columbia,1,781,770.5999756,791.4000244
2023,IBD,Prevalence,British Columbia,1,798.7999878,784.9000244,812.5999756
2024,IBD,Prevalence,British Columbia,1,816.5,799.2999878,833.7000122
2025,IBD,Prevalence,British Columbia,1,834.2000122,813.9000244,854.5
2026,IBD,Prevalence,British Columbia,1,851.7999878,828.5999756,875.0999756
2027,IBD,Prevalence,British Columbia,1,869.4000244,843.4000244,895.5
2028,IBD,Prevalence,British Columbia,1,887,858.2000122,915.7000122
2029,IBD,Prevalence,British Columbia,1,904.5,873.2000122,935.7999878
2030,IBD,Prevalence,British Columbia,1,922,888.2000122,955.7999878
2031,IBD,Prevalence,British Columbia,1,939.5,903.2999878,975.5999756
2032,IBD,Prevalence,British Columbia,1,956.9000244,918.5,995.4000244
2033,IBD,Prevalence,British Columbia,1,974.2999878,933.7000122,1015
2034,IBD,Prevalence,British Columbia,1,991.7000122,948.9000244,1034.5
2035,IBD,Prevalence,British Columbia,1,1009.099976,964.2000122,1054
1998,IBD,Prevalence,Saskatchewan,0,334.3999939,323.1000061,345.7000122
1999,IBD,Prevalence,Saskatchewan,0,375.5,363.6000061,387.5
2000,IBD,Prevalence,Saskatchewan,0,413.7000122,401.1000061,426.2999878
2001,IBD,Prevalence,Saskatchewan,0,450.7999878,437.6000061,463.8999939
2002,IBD,Prevalence,Saskatchewan,0,481.6000061,468,495.2000122
2003,IBD,Prevalence,Saskatchewan,0,510.7999878,496.7999878,524.7999878
2004,IBD,Prevalence,Saskatchewan,0,535.2999878,520.9000244,549.5999756
2005,IBD,Prevalence,Saskatchewan,0,559.5,544.7999878,574.2000122
2006,IBD,Prevalence,Saskatchewan,0,575.5999756,560.7000122,590.5999756
2007,IBD,Prevalence,Saskatchewan,0,589.2999878,574.2999878,604.4000244
2008,IBD,Prevalence,Saskatchewan,0,605.7999878,590.7000122,620.9000244
2009,IBD,Prevalence,Saskatchewan,0,615.9000244,600.7999878,631
2010,IBD,Prevalence,Saskatchewan,0,626.9000244,611.7999878,642
2011,IBD,Prevalence,Saskatchewan,0,637.0999756,622,652.2999878
2012,IBD,Prevalence,Saskatchewan,0,647.7000122,632.5999756,662.9000244
2013,IBD,Prevalence,Saskatchewan,0,661.2999878,646.0999756,676.5
2014,IBD,Prevalence,Saskatchewan,0,682.7999878,667.5,698.2000122
2015,IBD,Prevalence,Saskatchewan,0,690.2000122,674.9000244,705.5999756
2016,IBD,Prevalence,Saskatchewan,0,700.5,685.0999756,715.9000244
2017,IBD,Prevalence,Saskatchewan,0,708,692.5999756,723.4000244
2018,IBD,Prevalence,Saskatchewan,0,713.5,698.0999756,728.7999878
2019,IBD,Prevalence,Saskatchewan,1,729.9000244,722.5,737.2999878
2020,IBD,Prevalence,Saskatchewan,1,750.2999878,730.7000122,769.9000244
2021,IBD,Prevalence,Saskatchewan,1,770.5999756,739.5,801.7999878
2022,IBD,Prevalence,Saskatchewan,1,790.9000244,748.7000122,833.0999756
2023,IBD,Prevalence,Saskatchewan,1,811.0999756,758.4000244,863.7999878
2024,IBD,Prevalence,Saskatchewan,1,831.2000122,768.5,894
2025,IBD,Prevalence,Saskatchewan,1,851.2999878,778.9000244,923.7000122
2026,IBD,Prevalence,Saskatchewan,1,871.4000244,789.7000122,953
2027,IBD,Prevalence,Saskatchewan,1,891.2999878,800.7999878,981.9000244
2028,IBD,Prevalence,Saskatchewan,1,911.2999878,812.0999756,1010.400024
2029,IBD,Prevalence,Saskatchewan,1,931.2000122,823.7999878,1038.5
2030,IBD,Prevalence,Saskatchewan,1,951,835.5999756,1066.400024
2031,IBD,Prevalence,Saskatchewan,1,970.7999878,847.7000122,1093.900024
2032,IBD,Prevalence,Saskatchewan,1,990.5999756,859.9000244,1121.199951
2033,IBD,Prevalence,Saskatchewan,1,1010.299988,872.2999878,1148.300049
2034,IBD,Prevalence,Saskatchewan,1,1030,884.7999878,1175.199951
2035,IBD,Prevalence,Saskatchewan,1,1049.699951,897.5,1201.800049
1987,IBD,Prevalence,Manitoba,0,235.3999939,226.3000031,244.3999939
1988,IBD,Prevalence,Manitoba,0,261.2000122,251.6000061,270.7000122
1989,IBD,Prevalence,Manitoba,0,285.7999878,275.7999878,295.7999878
1990,IBD,Prevalence,Manitoba,0,311.6000061,301.2000122,322
1991,IBD,Prevalence,Manitoba,0,330.7000122,320,341.3999939
1992,IBD,Prevalence,Manitoba,0,345.7000122,334.7999878,356.7000122
1993,IBD,Prevalence,Manitoba,0,366.6000061,355.3999939,377.8999939
1994,IBD,Prevalence,Manitoba,0,381.3999939,370,392.8999939
1995,IBD,Prevalence,Manitoba,0,392.8999939,381.2999878,404.5
1996,IBD,Prevalence,Manitoba,0,407.3999939,395.6000061,419.2000122
1997,IBD,Prevalence,Manitoba,0,424,412,436
1998,IBD,Prevalence,Manitoba,0,439.8999939,427.7000122,452.1000061
1999,IBD,Prevalence,Manitoba,0,454.7000122,442.2999878,467.1000061
2000,IBD,Prevalence,Manitoba,0,470.2999878,457.7000122,482.8999939
2001,IBD,Prevalence,Manitoba,0,481.7999878,469.1000061,494.5
2002,IBD,Prevalence,Manitoba,0,496.6000061,483.7000122,509.3999939
2003,IBD,Prevalence,Manitoba,0,505.5,492.6000061,518.5
2004,IBD,Prevalence,Manitoba,0,514.0999756,501.1000061,527
2005,IBD,Prevalence,Manitoba,0,524.0999756,511,537.2000122
2006,IBD,Prevalence,Manitoba,0,534.5999756,521.4000244,547.7999878
2007,IBD,Prevalence,Manitoba,0,544.9000244,531.5999756,558.0999756
2008,IBD,Prevalence,Manitoba,0,552.0999756,538.7999878,565.4000244
2009,IBD,Prevalence,Manitoba,0,562.7000122,549.2999878,576.0999756
2010,IBD,Prevalence,Manitoba,0,570.2000122,556.9000244,583.5999756
2011,IBD,Prevalence,Manitoba,0,577.2999878,563.9000244,590.7000122
2012,IBD,Prevalence,Manitoba,0,581.4000244,568,594.7999878
2013,IBD,Prevalence,Manitoba,0,585.7000122,572.4000244,599.0999756
2014,IBD,Prevalence,Manitoba,0,596.7999878,583.4000244,610.2000122
2015,IBD,Prevalence,Manitoba,1,610.5,606.7999878,614.2000122
2016,IBD,Prevalence,Manitoba,1,624.2000122,616.9000244,631.5
2017,IBD,Prevalence,Manitoba,1,637.9000244,627,648.7999878
2018,IBD,Prevalence,Manitoba,1,651.5,637.0999756,665.9000244
2019,IBD,Prevalence,Manitoba,1,665.2000122,647.2999878,683.0999756
2020,IBD,Prevalence,Manitoba,1,678.7999878,657.5,700.2000122
2021,IBD,Prevalence,Manitoba,1,692.5,667.7000122,717.2000122
2022,IBD,Prevalence,Manitoba,1,706.0999756,678,734.2000122
2023,IBD,Prevalence,Manitoba,1,719.7000122,688.2000122,751.2000122
2024,IBD,Prevalence,Manitoba,1,733.2999878,698.5999756,768.0999756
2025,IBD,Prevalence,Manitoba,1,746.9000244,708.9000244,784.9000244
2026,IBD,Prevalence,Manitoba,1,760.5,719.2999878,801.7999878
2027,IBD,Prevalence,Manitoba,1,774.0999756,729.7000122,818.5999756
2028,IBD,Prevalence,Manitoba,1,787.7000122,740.0999756,835.2999878
2029,IBD,Prevalence,Manitoba,1,801.2999878,750.5,852
2030,IBD,Prevalence,Manitoba,1,814.7999878,761,868.7000122
2031,IBD,Prevalence,Manitoba,1,828.4000244,771.4000244,885.4000244
2032,IBD,Prevalence,Manitoba,1,842,781.9000244,902
2033,IBD,Prevalence,Manitoba,1,855.5,792.4000244,918.5999756
2034,IBD,Prevalence,Manitoba,1,869.0999756,802.9000244,935.2000122
2035,IBD,Prevalence,Manitoba,1,882.5999756,813.5,951.7999878
1997,IBD,Prevalence,Quebec,0,147.5,144.6999969,150.3000031
1998,IBD,Prevalence,Quebec,0,189.8000031,186.6000061,192.8999939
1999,IBD,Prevalence,Quebec,0,227.1000061,223.6000061,230.5
2000,IBD,Prevalence,Quebec,0,263.8999939,260.2000122,267.6000061
2001,IBD,Prevalence,Quebec,0,294,290.1000061,298
2002,IBD,Prevalence,Quebec,0,321.2000122,317.2000122,325.2999878
2003,IBD,Prevalence,Quebec,0,346.5,342.2999878,350.7000122
2004,IBD,Prevalence,Quebec,0,370,365.7000122,374.2999878
2005,IBD,Prevalence,Quebec,0,392.6000061,388.1000061,397
2006,IBD,Prevalence,Quebec,0,415.8999939,411.3999939,420.5
2007,IBD,Prevalence,Quebec,0,437.3999939,432.7000122,442
2008,IBD,Prevalence,Quebec,0,458.3999939,453.7000122,463.2000122
2009,IBD,Prevalence,Quebec,0,477.7999878,473,482.6000061
2010,IBD,Prevalence,Quebec,0,496.2000122,491.2999878,501.1000061
2011,IBD,Prevalence,Quebec,0,516.4000244,511.3999939,521.4000244
2012,IBD,Prevalence,Quebec,0,535.7000122,530.7000122,540.7999878
2013,IBD,Prevalence,Quebec,0,557.2999878,552.2000122,562.5
2014,IBD,Prevalence,Quebec,0,578.5999756,573.4000244,583.7999878
2015,IBD,Prevalence,Quebec,1,604.5,594.2999878,614.7999878
2016,IBD,Prevalence,Quebec,1,630.4000244,610.2999878,650.5
2017,IBD,Prevalence,Quebec,1,656.2000122,626.5999756,685.7999878
2018,IBD,Prevalence,Quebec,1,682,643.2000122,720.7000122
2019,IBD,Prevalence,Quebec,1,707.7000122,660.0999756,755.2999878
2020,IBD,Prevalence,Quebec,1,733.4000244,677.2999878,789.5999756
2021,IBD,Prevalence,Quebec,1,759.0999756,694.7000122,823.5999756
2022,IBD,Prevalence,Quebec,1,784.7999878,712.2999878,857.2999878
2023,IBD,Prevalence,Quebec,1,810.4000244,730.0999756,890.7000122
2024,IBD,Prevalence,Quebec,1,836,748.0999756,923.9000244
2025,IBD,Prevalence,Quebec,1,861.5999756,766.2999878,956.9000244
2026,IBD,Prevalence,Quebec,1,887.0999756,784.7000122,989.5999756
2027,IBD,Prevalence,Quebec,1,912.7000122,803.2000122,1022.200012
2028,IBD,Prevalence,Quebec,1,938.2000122,821.7999878,1054.599976
2029,IBD,Prevalence,Quebec,1,963.7000122,840.5999756,1086.800049
2030,IBD,Prevalence,Quebec,1,989.2000122,859.5,1118.900024
2031,IBD,Prevalence,Quebec,1,1014.700012,878.5,1150.900024
2032,IBD,Prevalence,Quebec,1,1040.099976,897.5999756,1182.699951
2033,IBD,Prevalence,Quebec,1,1065.599976,916.7999878,1214.300049
2034,IBD,Prevalence,Quebec,1,1091,936.0999756,1245.900024
2035,IBD,Prevalence,Quebec,1,1116.400024,955.5,1277.400024
2001,IBD,Prevalence,Nova Scotia,0,593.7999878,578.0999756,609.4000244
2002,IBD,Prevalence,Nova Scotia,0,640.5,624.2999878,656.7000122
2003,IBD,Prevalence,Nova Scotia,0,687.2000122,670.4000244,704
2004,IBD,Prevalence,Nova Scotia,0,725.7999878,708.5,743
2005,IBD,Prevalence,Nova Scotia,0,767.7999878,750.0999756,785.5
2006,IBD,Prevalence,Nova Scotia,0,805,786.9000244,823.2000122
2007,IBD,Prevalence,Nova Scotia,0,841.7000122,823.0999756,860.2999878
2008,IBD,Prevalence,Nova Scotia,0,874.5999756,855.7000122,893.5999756
2009,IBD,Prevalence,Nova Scotia,0,905.2000122,885.9000244,924.4000244
2010,IBD,Prevalence,Nova Scotia,0,933.7999878,914.2999878,953.2999878
2011,IBD,Prevalence,Nova Scotia,0,960.7999878,941,980.5
2012,IBD,Prevalence,Nova Scotia,0,988.4000244,968.2999878,1008.400024
2013,IBD,Prevalence,Nova Scotia,0,1017.900024,997.5,1038.300049
2014,IBD,Prevalence,Nova Scotia,0,1039.800049,1019.200012,1060.400024
2015,IBD,Prevalence,Nova Scotia,0,1066.599976,1045.699951,1087.599976
2016,IBD,Prevalence,Nova Scotia,0,1077.699951,1056.699951,1098.599976
2017,IBD,Prevalence,Nova Scotia,0,1090.300049,1069.300049,1111.300049
2018,IBD,Prevalence,Nova Scotia,0,1096.5,1075.5,1117.400024
2019,IBD,Prevalence,Nova Scotia,1,1115.800049,1107.099976,1124.5
2020,IBD,Prevalence,Nova Scotia,1,1146.800049,1124.900024,1168.599976
2021,IBD,Prevalence,Nova Scotia,1,1177.599976,1143.300049,1211.900024
2022,IBD,Prevalence,Nova Scotia,1,1208.400024,1162.199951,1254.5
2023,IBD,Prevalence,Nova Scotia,1,1239,1181.599976,1296.400024
2024,IBD,Prevalence,Nova Scotia,1,1269.5,1201.300049,1337.800049
2025,IBD,Prevalence,Nova Scotia,1,1300,1221.400024,1378.599976
2026,IBD,Prevalence,Nova Scotia,1,1330.300049,1241.800049,1418.900024
2027,IBD,Prevalence,Nova Scotia,1,1360.599976,1262.5,1458.800049
2028,IBD,Prevalence,Nova Scotia,1,1390.800049,1283.400024,1498.300049
2029,IBD,Prevalence,Nova Scotia,1,1421,1304.599976,1537.400024
2030,IBD,Prevalence,Nova Scotia,1,1451.099976,1325.900024,1576.199951
2031,IBD,Prevalence,Nova Scotia,1,1481.099976,1347.5,1614.699951
2032,IBD,Prevalence,Nova Scotia,1,1511,1369.199951,1652.900024
2033,IBD,Prevalence,Nova Scotia,1,1541,1391,1690.900024
2034,IBD,Prevalence,Nova Scotia,1,1570.800049,1413,1728.599976
2035,IBD,Prevalence,Nova Scotia,1,1600.599976,1435.099976,1766.199951
1999,IBD,Prevalence,Ontario,0,357.1000061,353.7000122,360.6000061
2000,IBD,Prevalence,Ontario,0,376.2000122,372.7000122,379.7000122
2001,IBD,Prevalence,Ontario,0,392.1000061,388.5,395.6000061
2002,IBD,Prevalence,Ontario,0,408.3999939,404.7999878,412
2003,IBD,Prevalence,Ontario,0,426.7000122,423.1000061,430.3999939
2004,IBD,Prevalence,Ontario,0,444.7000122,441,448.3999939
2005,IBD,Prevalence,Ontario,0,466,462.2999878,469.7999878
2006,IBD,Prevalence,Ontario,0,484.7999878,481,488.6000061
2007,IBD,Prevalence,Ontario,0,504.3999939,500.5,508.2999878
2008,IBD,Prevalence,Ontario,0,525.5,521.5,529.4000244
2009,IBD,Prevalence,Ontario,0,547.7999878,543.7999878,551.9000244
2010,IBD,Prevalence,Ontario,0,567,563,571.0999756
2011,IBD,Prevalence,Ontario,0,588.0999756,584,592.2000122
2012,IBD,Prevalence,Ontario,0,606.9000244,602.7000122,611.0999756
2013,IBD,Prevalence,Ontario,0,627.5999756,623.4000244,631.7999878
2014,IBD,Prevalence,Ontario,0,646.4000244,642.0999756,650.7000122
2015,IBD,Prevalence,Ontario,0,665.5,661.2000122,669.7999878
2016,IBD,Prevalence,Ontario,0,678,673.7000122,682.2999878
2017,IBD,Prevalence,Ontario,1,697.5,694.2999878,700.7999878
2018,IBD,Prevalence,Ontario,1,714.5,708.7000122,720.4000244
2019,IBD,Prevalence,Ontario,1,734.2000122,724.9000244,743.5
2020,IBD,Prevalence,Ontario,1,753.7000122,741.5,766
2021,IBD,Prevalence,Ontario,1,773.0999756,758.2999878,787.9000244
2022,IBD,Prevalence,Ontario,1,792.4000244,775.2999878,809.4000244
2023,IBD,Prevalence,Ontario,1,811.5999756,792.4000244,830.7000122
2024,IBD,Prevalence,Ontario,1,830.7000122,809.5999756,851.7999878
2025,IBD,Prevalence,Ontario,1,849.7999878,826.9000244,872.7999878
2026,IBD,Prevalence,Ontario,1,868.9000244,844.2000122,893.5999756
2027,IBD,Prevalence,Ontario,1,888,861.5999756,914.4000244
2028,IBD,Prevalence,Ontario,1,907.0999756,879,935.0999756
2029,IBD,Prevalence,Ontario,1,926.0999756,896.4000244,955.7999878
2030,IBD,Prevalence,Ontario,1,945.2000122,913.7999878,976.5
2031,IBD,Prevalence,Ontario,1,964.2000122,931.2000122,997.0999756
2032,IBD,Prevalence,Ontario,1,983.2000122,948.7000122,1017.799988
2033,IBD,Prevalence,Ontario,1,1002.200012,966.0999756,1038.400024
2034,IBD,Prevalence,Ontario,1,1021.299988,983.5,1059
2035,IBD,Prevalence,Ontario,1,1040.300049,1000.900024,1079.599976
1995,CD,Prevalence,Newfoundland and Labrador,0,125.1999969,115.9000015,134.3999939
1996,CD,Prevalence,Newfoundland and Labrador,0,169.6999969,158.8999939,180.6000061
1997,CD,Prevalence,Newfoundland and Labrador,0,206.6000061,194.6000061,218.6999969
1998,CD,Prevalence,Newfoundland and Labrador,0,236.6000061,223.6000061,249.6000061
1999,CD,Prevalence,Newfoundland and Labrador,0,263.3999939,249.6000061,277.2000122
2000,CD,Prevalence,Newfoundland and Labrador,0,288.6000061,274.1000061,303.1000061
2001,CD,Prevalence,Newfoundland and Labrador,0,305.6000061,290.6000061,320.6000061
2002,CD,Prevalence,Newfoundland and Labrador,0,316.7000122,301.3999939,332
2003,CD,Prevalence,Newfoundland and Labrador,0,330.6000061,314.8999939,346.2000122
2004,CD,Prevalence,Newfoundland and Labrador,0,346.2999878,330.2999878,362.3999939
2005,CD,Prevalence,Newfoundland and Labrador,0,370.2000122,353.6000061,386.7999878
2006,CD,Prevalence,Newfoundland and Labrador,0,392.3999939,375.2000122,409.6000061
2007,CD,Prevalence,Newfoundland and Labrador,0,407.5,389.8999939,425
2008,CD,Prevalence,Newfoundland and Labrador,0,421.3999939,403.6000061,439.2000122
2009,CD,Prevalence,Newfoundland and Labrador,0,430.5,412.6000061,448.3999939
2010,CD,Prevalence,Newfoundland and Labrador,0,441.6000061,423.6000061,459.6000061
2011,CD,Prevalence,Newfoundland and Labrador,0,458.1000061,439.7999878,476.3999939
2012,CD,Prevalence,Newfoundland and Labrador,0,472.6000061,454,491.2000122
2013,CD,Prevalence,Newfoundland and Labrador,0,489.3999939,470.5,508.2999878
2014,CD,Prevalence,Newfoundland and Labrador,0,504.1000061,484.8999939,523.2000122
2015,CD,Prevalence,Newfoundland and Labrador,1,524.7999878,510.2000122,539.4000244
2016,CD,Prevalence,Newfoundland and Labrador,1,545.4000244,517,573.9000244
2017,CD,Prevalence,Newfoundland and Labrador,1,566,524.2000122,607.7999878
2018,CD,Prevalence,Newfoundland and Labrador,1,586.5999756,532,641.0999756
2019,CD,Prevalence,Newfoundland and Labrador,1,607,540.2999878,673.7999878
2020,CD,Prevalence,Newfoundland and Labrador,1,627.5,548.9000244,706
2021,CD,Prevalence,Newfoundland and Labrador,1,647.7999878,557.9000244,737.7000122
2022,CD,Prevalence,Newfoundland and Labrador,1,668.2000122,567.2999878,769
2023,CD,Prevalence,Newfoundland and Labrador,1,688.4000244,577.0999756,799.7999878
2024,CD,Prevalence,Newfoundland and Labrador,1,708.7000122,587.0999756,830.2999878
2025,CD,Prevalence,Newfoundland and Labrador,1,728.9000244,597.5,860.2999878
2026,CD,Prevalence,Newfoundland and Labrador,1,749.0999756,608,890.0999756
2027,CD,Prevalence,Newfoundland and Labrador,1,769.2000122,618.9000244,919.5999756
2028,CD,Prevalence,Newfoundland and Labrador,1,789.2999878,629.9000244,948.7000122
2029,CD,Prevalence,Newfoundland and Labrador,1,809.4000244,641.2000122,977.7000122
2030,CD,Prevalence,Newfoundland and Labrador,1,829.5,652.7000122,1006.299988
2031,CD,Prevalence,Newfoundland and Labrador,1,849.5,664.2999878,1034.800049
2032,CD,Prevalence,Newfoundland and Labrador,1,869.5999756,676.0999756,1063
2033,CD,Prevalence,Newfoundland and Labrador,1,889.5999756,688,1091.099976
2034,CD,Prevalence,Newfoundland and Labrador,1,909.5,700.0999756,1119
2035,CD,Prevalence,Newfoundland and Labrador,1,929.5,712.2999878,1146.699951
2002,CD,Prevalence,Alberta,0,187.8000031,183,192.6000061
2003,CD,Prevalence,Alberta,0,218.8000031,213.6999969,224
2004,CD,Prevalence,Alberta,0,239.3999939,234.1000061,244.6999969
2005,CD,Prevalence,Alberta,0,256.2000122,250.6999969,261.6000061
2006,CD,Prevalence,Alberta,0,271.2000122,265.6000061,276.7000122
2007,CD,Prevalence,Alberta,0,284.8999939,279.2999878,290.5
2008,CD,Prevalence,Alberta,0,297.7000122,292.1000061,303.3999939
2009,CD,Prevalence,Alberta,0,307.7999878,302.2000122,313.5
2010,CD,Prevalence,Alberta,0,318.6000061,312.8999939,324.3999939
2011,CD,Prevalence,Alberta,0,332.6000061,326.7999878,338.3999939
2012,CD,Prevalence,Alberta,0,342.2000122,336.3999939,348
2013,CD,Prevalence,Alberta,0,349.8999939,344.1000061,355.7000122
2014,CD,Prevalence,Alberta,0,359.2000122,353.3999939,365
2015,CD,Prevalence,Alberta,0,368.5,362.7000122,374.2999878
2016,CD,Prevalence,Alberta,0,376.3999939,370.5,382.2999878
2017,CD,Prevalence,Alberta,0,383.8999939,378,389.7999878
2018,CD,Prevalence,Alberta,0,389.1000061,383.2000122,395
2019,CD,Prevalence,Alberta,1,397.8999939,374.8999939,420.8999939
2020,CD,Prevalence,Alberta,1,411.8999939,388.2999878,435.5
2021,CD,Prevalence,Alberta,1,425.7999878,396.7999878,454.8999939
2022,CD,Prevalence,Alberta,1,439.7000122,403.2000122,476.1000061
2023,CD,Prevalence,Alberta,1,453.3999939,408.8999939,497.8999939
2024,CD,Prevalence,Alberta,1,467.1000061,414.2999878,519.7999878
2025,CD,Prevalence,Alberta,1,480.6000061,419.5,541.7999878
2026,CD,Prevalence,Alberta,1,494.2000122,424.5,563.7999878
2027,CD,Prevalence,Alberta,1,507.6000061,429.1000061,586.0999756
2028,CD,Prevalence,Alberta,1,521,433.3999939,608.5999756
2029,CD,Prevalence,Alberta,1,534.2999878,437.2999878,631.4000244
2030,CD,Prevalence,Alberta,1,547.5999756,440.7000122,654.5999756
2031,CD,Prevalence,Alberta,1,560.9000244,443.7000122,678.0999756
2032,CD,Prevalence,Alberta,1,574.0999756,446.2000122,702
2033,CD,Prevalence,Alberta,1,587.2999878,448.2999878,726.2999878
2034,CD,Prevalence,Alberta,1,600.5,449.8999939,751
2035,CD,Prevalence,Alberta,1,613.5999756,451.1000061,776.0999756
1999,CD,Prevalence,British Columbia,0,184,179.8000031,188.1999969
2000,CD,Prevalence,British Columbia,0,193.3999939,189.1000061,197.6999969
2001,CD,Prevalence,British Columbia,0,203.3999939,199,207.8000031
2002,CD,Prevalence,British Columbia,0,212.1999969,207.8000031,216.6999969
2003,CD,Prevalence,British Columbia,0,221.1000061,216.5,225.6000061
2004,CD,Prevalence,British Columbia,0,228.6999969,224.1000061,233.3000031
2005,CD,Prevalence,British Columbia,0,236.6000061,232,241.3000031
2006,CD,Prevalence,British Columbia,0,244.6000061,239.8999939,249.3000031
2007,CD,Prevalence,British Columbia,0,252.3999939,247.6999969,257.2000122
2008,CD,Prevalence,British Columbia,0,258.2999878,253.5,263.1000061
2009,CD,Prevalence,British Columbia,0,265.7999878,261,270.7000122
2010,CD,Prevalence,British Columbia,0,273.7000122,268.7999878,278.6000061
2011,CD,Prevalence,British Columbia,0,283.1000061,278.2000122,288.1000061
2012,CD,Prevalence,British Columbia,0,287.3999939,282.3999939,292.2999878
2013,CD,Prevalence,British Columbia,0,291.6000061,286.6000061,296.5
2014,CD,Prevalence,British Columbia,0,295.7000122,290.7999878,300.6000061
2015,CD,Prevalence,British Columbia,0,302.1000061,297.1000061,307
2016,CD,Prevalence,British Columbia,0,307.6000061,302.6000061,312.5
2017,CD,Prevalence,British Columbia,0,312.1000061,307.2000122,317.1000061
2018,CD,Prevalence,British Columbia,0,315.2000122,310.2999878,320.2000122
2019,CD,Prevalence,British Columbia,0,316.8999939,312.1000061,321.7999878
2020,CD,Prevalence,British Columbia,1,322.1000061,320.3999939,323.7999878
2021,CD,Prevalence,British Columbia,1,329.1000061,324.8999939,333.2999878
2022,CD,Prevalence,British Columbia,1,336,329.3999939,342.6000061
2023,CD,Prevalence,British Columbia,1,342.8999939,334.1000061,351.7999878
2024,CD,Prevalence,British Columbia,1,349.7999878,338.7999878,360.8999939
2025,CD,Prevalence,British Columbia,1,356.7000122,343.5,369.8999939
2026,CD,Prevalence,British Columbia,1,363.6000061,348.3999939,378.7999878
2027,CD,Prevalence,British Columbia,1,370.3999939,353.2999878,387.6000061
2028,CD,Prevalence,British Columbia,1,377.2999878,358.2000122,396.2999878
2029,CD,Prevalence,British Columbia,1,384.1000061,363.2000122,404.8999939
2030,CD,Prevalence,British Columbia,1,390.8999939,368.2000122,413.5
2031,CD,Prevalence,British Columbia,1,397.7000122,373.2999878,422
2032,CD,Prevalence,British Columbia,1,404.3999939,378.3999939,430.5
2033,CD,Prevalence,British Columbia,1,411.2000122,383.5,438.8999939
2034,CD,Prevalence,British Columbia,1,417.8999939,388.7000122,447.2000122
2035,CD,Prevalence,British Columbia,1,424.7000122,393.8999939,455.5
1998,CD,Prevalence,Saskatchewan,0,201.6000061,192.8000031,210.3000031
1999,CD,Prevalence,Saskatchewan,0,223.1999969,214,232.3999939
2000,CD,Prevalence,Saskatchewan,0,242.6000061,232.8999939,252.1999969
2001,CD,Prevalence,Saskatchewan,0,262.2999878,252.1999969,272.2999878
2002,CD,Prevalence,Saskatchewan,0,277.5,267.1000061,287.7999878
2003,CD,Prevalence,Saskatchewan,0,292.8999939,282.2999878,303.5
2004,CD,Prevalence,Saskatchewan,0,307,296.1000061,317.8999939
2005,CD,Prevalence,Saskatchewan,0,319.6000061,308.5,330.7000122
2006,CD,Prevalence,Saskatchewan,0,328,316.7000122,339.2999878
2007,CD,Prevalence,Saskatchewan,0,334.6000061,323.2999878,345.8999939
2008,CD,Prevalence,Saskatchewan,0,342.2000122,330.7999878,353.6000061
2009,CD,Prevalence,Saskatchewan,0,346.8999939,335.6000061,358.2999878
2010,CD,Prevalence,Saskatchewan,0,352.2999878,340.8999939,363.6000061
2011,CD,Prevalence,Saskatchewan,0,358.7000122,347.2999878,370.1000061
2012,CD,Prevalence,Saskatchewan,0,362.5,351.2000122,373.8999939
2013,CD,Prevalence,Saskatchewan,0,367.7999878,356.5,379.1000061
2014,CD,Prevalence,Saskatchewan,0,381.2999878,369.7999878,392.7000122
2015,CD,Prevalence,Saskatchewan,0,383.7999878,372.2999878,395.2999878
2016,CD,Prevalence,Saskatchewan,0,390.6000061,379.1000061,402.1000061
2017,CD,Prevalence,Saskatchewan,0,393.1000061,381.6000061,404.5
2018,CD,Prevalence,Saskatchewan,0,393.8999939,382.5,405.2999878
2019,CD,Prevalence,Saskatchewan,1,401.8999939,398,405.7999878
2020,CD,Prevalence,Saskatchewan,1,412.3999939,402.6000061,422.2000122
2021,CD,Prevalence,Saskatchewan,1,422.8999939,407.5,438.2000122
2022,CD,Prevalence,Saskatchewan,1,433.2999878,412.6000061,453.8999939
2023,CD,Prevalence,Saskatchewan,1,443.6000061,417.8999939,469.2999878
2024,CD,Prevalence,Saskatchewan,1,453.8999939,423.3999939,484.3999939
2025,CD,Prevalence,Saskatchewan,1,464.2000122,429.1000061,499.2999878
2026,CD,Prevalence,Saskatchewan,1,474.3999939,434.7999878,513.9000244
2027,CD,Prevalence,Saskatchewan,1,484.6000061,440.7999878,528.4000244
2028,CD,Prevalence,Saskatchewan,1,494.7000122,446.7999878,542.7000122
2029,CD,Prevalence,Saskatchewan,1,504.7999878,452.8999939,556.7999878
2030,CD,Prevalence,Saskatchewan,1,514.9000244,459.2000122,570.7000122
2031,CD,Prevalence,Saskatchewan,1,525,465.5,584.5
2032,CD,Prevalence,Saskatchewan,1,535,471.7999878,598.2000122
2033,CD,Prevalence,Saskatchewan,1,545,478.2999878,611.7999878
2034,CD,Prevalence,Saskatchewan,1,555,484.7999878,625.2999878
2035,CD,Prevalence,Saskatchewan,1,565,491.2999878,638.7000122
1987,CD,Prevalence,Manitoba,0,133,126.1999969,139.8000031
1988,CD,Prevalence,Manitoba,0,146.6000061,139.3999939,153.6999969
1989,CD,Prevalence,Manitoba,0,159,151.6000061,166.5
1990,CD,Prevalence,Manitoba,0,170.6000061,162.8999939,178.3000031
1991,CD,Prevalence,Manitoba,0,181.6999969,173.8000031,189.6999969
1992,CD,Prevalence,Manitoba,0,187.5,179.5,195.6000061
1993,CD,Prevalence,Manitoba,0,196.8999939,188.6999969,205.1999969
1994,CD,Prevalence,Manitoba,0,203.6999969,195.3000031,212
1995,CD,Prevalence,Manitoba,0,207.6999969,199.3000031,216.1000061
1996,CD,Prevalence,Manitoba,0,214.3000031,205.6999969,222.8000031
1997,CD,Prevalence,Manitoba,0,224,215.3000031,232.8000031
1998,CD,Prevalence,Manitoba,0,231.3000031,222.5,240.1999969
1999,CD,Prevalence,Manitoba,0,237.3999939,228.5,246.3999939
2000,CD,Prevalence,Manitoba,0,243.8999939,234.8999939,253
2001,CD,Prevalence,Manitoba,0,248.6999969,239.6000061,257.7999878
2002,CD,Prevalence,Manitoba,0,257.2000122,248,266.5
2003,CD,Prevalence,Manitoba,0,258.6000061,249.3999939,267.8999939
2004,CD,Prevalence,Manitoba,0,261.7000122,252.3999939,270.8999939
2005,CD,Prevalence,Manitoba,0,268.1000061,258.7000122,277.3999939
2006,CD,Prevalence,Manitoba,0,268.7999878,259.5,278.2000122
2007,CD,Prevalence,Manitoba,0,272.5,263.1000061,281.8999939
2008,CD,Prevalence,Manitoba,0,274.3999939,265,283.7999878
2009,CD,Prevalence,Manitoba,0,277.2000122,267.7999878,286.6000061
2010,CD,Prevalence,Manitoba,0,277.5,268.2000122,286.7999878
2011,CD,Prevalence,Manitoba,0,277.7000122,268.3999939,287
2012,CD,Prevalence,Manitoba,0,278.2000122,269,287.5
2013,CD,Prevalence,Manitoba,0,278,268.8999939,287.2000122
2014,CD,Prevalence,Manitoba,0,282.1000061,272.8999939,291.2999878
2015,CD,Prevalence,Manitoba,1,288.2999878,285.8999939,290.6000061
2016,CD,Prevalence,Manitoba,1,294.2999878,288.2999878,300.3999939
2017,CD,Prevalence,Manitoba,1,300.2999878,290.7000122,310
2018,CD,Prevalence,Manitoba,1,306.3999939,293.2999878,319.3999939
2019,CD,Prevalence,Manitoba,1,312.3999939,296,328.7999878
2020,CD,Prevalence,Manitoba,1,318.2999878,298.7000122,338
2021,CD,Prevalence,Manitoba,1,324.2999878,301.5,347.1000061
2022,CD,Prevalence,Manitoba,1,330.2000122,304.3999939,356.1000061
2023,CD,Prevalence,Manitoba,1,336.2000122,307.3999939,364.8999939
2024,CD,Prevalence,Manitoba,1,342.1000061,310.3999939,373.7000122
2025,CD,Prevalence,Manitoba,1,348,313.5,382.3999939
2026,CD,Prevalence,Manitoba,1,353.8999939,316.7000122,391.1000061
2027,CD,Prevalence,Manitoba,1,359.7999878,319.8999939,399.6000061
2028,CD,Prevalence,Manitoba,1,365.6000061,323.2000122,408.1000061
2029,CD,Prevalence,Manitoba,1,371.5,326.5,416.5
2030,CD,Prevalence,Manitoba,1,377.2999878,329.8999939,424.7999878
2031,CD,Prevalence,Manitoba,1,383.1000061,333.2999878,433
2032,CD,Prevalence,Manitoba,1,389,336.7000122,441.2000122
2033,CD,Prevalence,Manitoba,1,394.7999878,340.2000122,449.3999939
2034,CD,Prevalence,Manitoba,1,400.6000061,343.7000122,457.5
2035,CD,Prevalence,Manitoba,1,406.3999939,347.2000122,465.5
1997,CD,Prevalence,Quebec,0,89.90000153,87.69999695,92.09999847
1998,CD,Prevalence,Quebec,0,113.6999969,111.3000031,116.1999969
1999,CD,Prevalence,Quebec,0,134.3000031,131.6999969,137
2000,CD,Prevalence,Quebec,0,153.6999969,150.8999939,156.5
2001,CD,Prevalence,Quebec,0,170.3000031,167.3000031,173.1999969
2002,CD,Prevalence,Quebec,0,187.1000061,184,190.1999969
2003,CD,Prevalence,Quebec,0,203.5,200.1999969,206.6999969
2004,CD,Prevalence,Quebec,0,218.8000031,215.5,222.1000061
2005,CD,Prevalence,Quebec,0,233.6000061,230.1999969,237.1000061
2006,CD,Prevalence,Quebec,0,248.6000061,245.1000061,252.1000061
2007,CD,Prevalence,Quebec,0,262,258.3999939,265.7000122
2008,CD,Prevalence,Quebec,0,274.7000122,271,278.2999878
2009,CD,Prevalence,Quebec,0,286.6000061,282.7999878,290.2999878
2010,CD,Prevalence,Quebec,0,298,294.2000122,301.7999878
2011,CD,Prevalence,Quebec,0,310.5,306.7000122,314.3999939
2012,CD,Prevalence,Quebec,0,322.6000061,318.7000122,326.5
2013,CD,Prevalence,Quebec,0,336.1000061,332.1000061,340.1000061
2014,CD,Prevalence,Quebec,0,349.7000122,345.7000122,353.7999878
2015,CD,Prevalence,Quebec,1,363.8999939,337.2000122,390.6000061
2016,CD,Prevalence,Quebec,1,379.7999878,353.5,406
2017,CD,Prevalence,Quebec,1,395.7000122,369.2999878,422
2018,CD,Prevalence,Quebec,1,411.5,384.6000061,438.3999939
2019,CD,Prevalence,Quebec,1,427.2999878,399.3999939,455.2000122
2020,CD,Prevalence,Quebec,1,443.1000061,413.6000061,472.5
2021,CD,Prevalence,Quebec,1,458.8999939,427.3999939,490.2999878
2022,CD,Prevalence,Quebec,1,474.6000061,440.7999878,508.3999939
2023,CD,Prevalence,Quebec,1,490.2999878,453.7000122,526.9000244
2024,CD,Prevalence,Quebec,1,506,466.2999878,545.7000122
2025,CD,Prevalence,Quebec,1,521.7000122,478.6000061,564.7999878
2026,CD,Prevalence,Quebec,1,537.2999878,490.5,584.2000122
2027,CD,Prevalence,Quebec,1,553,502.2000122,603.7999878
2028,CD,Prevalence,Quebec,1,568.5999756,513.5999756,623.5999756
2029,CD,Prevalence,Quebec,1,584.2000122,524.9000244,643.5999756
2030,CD,Prevalence,Quebec,1,599.9000244,535.9000244,663.7999878
2031,CD,Prevalence,Quebec,1,615.5,546.7000122,684.2000122
2032,CD,Prevalence,Quebec,1,631,557.4000244,704.7000122
2033,CD,Prevalence,Quebec,1,646.5999756,567.9000244,725.4000244
2034,CD,Prevalence,Quebec,1,662.2000122,578.2000122,746.2000122
2035,CD,Prevalence,Quebec,1,677.7000122,588.4000244,767.0999756
2001,CD,Prevalence,Nova Scotia,0,346.1000061,334.2000122,358
2002,CD,Prevalence,Nova Scotia,0,370,357.7000122,382.3999939
2003,CD,Prevalence,Nova Scotia,0,392.1000061,379.3999939,404.7999878
2004,CD,Prevalence,Nova Scotia,0,412.1000061,399.1000061,425
2005,CD,Prevalence,Nova Scotia,0,431.7000122,418.3999939,445
2006,CD,Prevalence,Nova Scotia,0,448.1000061,434.5,461.6000061
2007,CD,Prevalence,Nova Scotia,0,468.5,454.6000061,482.3999939
2008,CD,Prevalence,Nova Scotia,0,485.1000061,471,499.2000122
2009,CD,Prevalence,Nova Scotia,0,500.8999939,486.6000061,515.2000122
2010,CD,Prevalence,Nova Scotia,0,514.5999756,500.1000061,529.0999756
2011,CD,Prevalence,Nova Scotia,0,529.0999756,514.4000244,543.7999878
2012,CD,Prevalence,Nova Scotia,0,544.2000122,529.2999878,559.0999756
2013,CD,Prevalence,Nova Scotia,0,561.4000244,546.2999878,576.5999756
2014,CD,Prevalence,Nova Scotia,0,574.5,559.0999756,589.7999878
2015,CD,Prevalence,Nova Scotia,0,589.5,573.9000244,605
2016,CD,Prevalence,Nova Scotia,0,595.9000244,580.2999878,611.5
2017,CD,Prevalence,Nova Scotia,0,603.0999756,587.5,618.7000122
2018,CD,Prevalence,Nova Scotia,0,603.5999756,588.0999756,619.2000122
2019,CD,Prevalence,Nova Scotia,1,613.7000122,608.9000244,618.4000244
2020,CD,Prevalence,Nova Scotia,1,629.7999878,618.4000244,641.2000122
2021,CD,Prevalence,Nova Scotia,1,645.9000244,628.2000122,663.5
2022,CD,Prevalence,Nova Scotia,1,661.7999878,638.2999878,685.4000244
2023,CD,Prevalence,Nova Scotia,1,677.7000122,648.5999756,706.9000244
2024,CD,Prevalence,Nova Scotia,1,693.5,659,728
2025,CD,Prevalence,Nova Scotia,1,709.2999878,669.7000122,748.7999878
2026,CD,Prevalence,Nova Scotia,1,724.9000244,680.5,769.4000244
2027,CD,Prevalence,Nova Scotia,1,740.5999756,691.5,789.7000122
2028,CD,Prevalence,Nova Scotia,1,756.0999756,702.5,809.7000122
2029,CD,Prevalence,Nova Scotia,1,771.7000122,713.7000122,829.5999756
2030,CD,Prevalence,Nova Scotia,1,787.0999756,725,849.2999878
2031,CD,Prevalence,Nova Scotia,1,802.5999756,736.4000244,868.7999878
2032,CD,Prevalence,Nova Scotia,1,818,747.7999878,888.2000122
2033,CD,Prevalence,Nova Scotia,1,833.4000244,759.2999878,907.4000244
2034,CD,Prevalence,Nova Scotia,1,848.7000122,770.9000244,926.5999756
2035,CD,Prevalence,Nova Scotia,1,864,782.5,945.5999756
1999,CD,Prevalence,Ontario,0,179.8000031,177.3999939,182.3000031
2000,CD,Prevalence,Ontario,0,188.3999939,185.8999939,190.8999939
2001,CD,Prevalence,Ontario,0,196,193.3999939,198.5
2002,CD,Prevalence,Ontario,0,203,200.5,205.5
2003,CD,Prevalence,Ontario,0,210.6999969,208.1000061,213.3000031
2004,CD,Prevalence,Ontario,0,218.8999939,216.3000031,221.5
2005,CD,Prevalence,Ontario,0,227.6999969,225,230.3000031
2006,CD,Prevalence,Ontario,0,235.8000031,233.1000061,238.5
2007,CD,Prevalence,Ontario,0,244.1999969,241.5,246.8999939
2008,CD,Prevalence,Ontario,0,253.8000031,251.1000061,256.6000061
2009,CD,Prevalence,Ontario,0,264.2000122,261.3999939,267
2010,CD,Prevalence,Ontario,0,272.7000122,269.8999939,275.5
2011,CD,Prevalence,Ontario,0,281.2999878,278.3999939,284.1000061
2012,CD,Prevalence,Ontario,0,288.7000122,285.8999939,291.6000061
2013,CD,Prevalence,Ontario,0,296.7000122,293.7999878,299.6000061
2014,CD,Prevalence,Ontario,0,303.5,300.6000061,306.5
2015,CD,Prevalence,Ontario,0,310.6000061,307.6000061,313.5
2016,CD,Prevalence,Ontario,0,314.7000122,311.7000122,317.6000061
2017,CD,Prevalence,Ontario,1,323.1000061,321.7000122,324.3999939
2018,CD,Prevalence,Ontario,1,331.3999939,328.7000122,334
2019,CD,Prevalence,Ontario,1,339.6000061,335.7999878,343.5
2020,CD,Prevalence,Ontario,1,347.8999939,342.8999939,352.7999878
2021,CD,Prevalence,Ontario,1,356.1000061,350,362.1000061
2022,CD,Prevalence,Ontario,1,364.2000122,357.2000122,371.2999878
2023,CD,Prevalence,Ontario,1,372.3999939,364.2999878,380.3999939
2024,CD,Prevalence,Ontario,1,380.5,371.5,389.5
2025,CD,Prevalence,Ontario,1,388.6000061,378.6000061,398.6000061
2026,CD,Prevalence,Ontario,1,396.7000122,385.7999878,407.6000061
2027,CD,Prevalence,Ontario,1,404.7999878,392.8999939,416.7000122
2028,CD,Prevalence,Ontario,1,412.8999939,400.1000061,425.7000122
2029,CD,Prevalence,Ontario,1,420.8999939,407.2000122,434.6000061
2030,CD,Prevalence,Ontario,1,429,414.3999939,443.6000061
2031,CD,Prevalence,Ontario,1,437.1000061,421.5,452.6000061
2032,CD,Prevalence,Ontario,1,445.1000061,428.7000122,461.5
2033,CD,Prevalence,Ontario,1,453.1000061,435.7999878,470.5
2034,CD,Prevalence,Ontario,1,461.2000122,443,479.3999939
2035,CD,Prevalence,Ontario,1,469.2000122,450.1000061,488.3999939
1995,UC,Prevalence,Newfoundland and Labrador,0,52,46,57.90000153
1996,UC,Prevalence,Newfoundland and Labrador,0,74.80000305,67.59999847,82
1997,UC,Prevalence,Newfoundland and Labrador,0,97.09999847,88.80000305,105.3000031
1998,UC,Prevalence,Newfoundland and Labrador,0,112.4000015,103.5,121.4000015
1999,UC,Prevalence,Newfoundland and Labrador,0,126.6999969,117.0999985,136.1999969
2000,UC,Prevalence,Newfoundland and Labrador,0,139.8000031,129.6999969,149.8999939
2001,UC,Prevalence,Newfoundland and Labrador,0,151,140.3999939,161.5
2002,UC,Prevalence,Newfoundland and Labrador,0,160,149.1999969,170.8999939
2003,UC,Prevalence,Newfoundland and Labrador,0,170.6999969,159.3999939,181.8999939
2004,UC,Prevalence,Newfoundland and Labrador,0,182.8999939,171.1999969,194.5
2005,UC,Prevalence,Newfoundland and Labrador,0,196.3000031,184.1999969,208.3999939
2006,UC,Prevalence,Newfoundland and Labrador,0,204.8000031,192.3999939,217.1999969
2007,UC,Prevalence,Newfoundland and Labrador,0,217.3999939,204.6000061,230.1999969
2008,UC,Prevalence,Newfoundland and Labrador,0,228.6000061,215.5,241.6999969
2009,UC,Prevalence,Newfoundland and Labrador,0,241.3000031,227.8999939,254.6999969
2010,UC,Prevalence,Newfoundland and Labrador,0,251.3999939,237.8000031,265
2011,UC,Prevalence,Newfoundland and Labrador,0,265,251,278.8999939
2012,UC,Prevalence,Newfoundland and Labrador,0,274.7999878,260.7000122,289
2013,UC,Prevalence,Newfoundland and Labrador,0,286,271.5,300.3999939
2014,UC,Prevalence,Newfoundland and Labrador,0,299.6000061,284.7999878,314.3999939
2015,UC,Prevalence,Newfoundland and Labrador,1,313.2999878,310.1000061,316.5
2016,UC,Prevalence,Newfoundland and Labrador,1,326.8999939,319.3999939,334.3999939
2017,UC,Prevalence,Newfoundland and Labrador,1,340.3999939,328.8999939,351.7999878
2018,UC,Prevalence,Newfoundland and Labrador,1,353.7999878,338.7999878,368.7999878
2019,UC,Prevalence,Newfoundland and Labrador,1,367.1000061,348.8999939,385.2999878
2020,UC,Prevalence,Newfoundland and Labrador,1,380.3999939,359.2000122,401.6000061
2021,UC,Prevalence,Newfoundland and Labrador,1,393.6000061,369.7000122,417.5
2022,UC,Prevalence,Newfoundland and Labrador,1,406.7999878,380.3999939,433.2000122
2023,UC,Prevalence,Newfoundland and Labrador,1,420,391.2000122,448.7000122
2024,UC,Prevalence,Newfoundland and Labrador,1,433.1000061,402.1000061,464.1000061
2025,UC,Prevalence,Newfoundland and Labrador,1,446.2000122,413.1000061,479.2999878
2026,UC,Prevalence,Newfoundland and Labrador,1,459.2999878,424.2000122,494.2999878
2027,UC,Prevalence,Newfoundland and Labrador,1,472.2999878,435.3999939,509.2999878
2028,UC,Prevalence,Newfoundland and Labrador,1,485.3999939,446.6000061,524.2000122
2029,UC,Prevalence,Newfoundland and Labrador,1,498.3999939,457.7999878,539
2030,UC,Prevalence,Newfoundland and Labrador,1,511.3999939,469.1000061,553.7000122
2031,UC,Prevalence,Newfoundland and Labrador,1,524.4000244,480.3999939,568.4000244
2032,UC,Prevalence,Newfoundland and Labrador,1,537.4000244,491.7999878,583
2033,UC,Prevalence,Newfoundland and Labrador,1,550.4000244,503.2000122,597.5999756
2034,UC,Prevalence,Newfoundland and Labrador,1,563.4000244,514.5999756,612.2000122
2035,UC,Prevalence,Newfoundland and Labrador,1,576.2999878,526,626.7000122
2002,UC,Prevalence,Alberta,0,129.6999969,125.6999969,133.6999969
2003,UC,Prevalence,Alberta,0,163.1000061,158.6999969,167.6000061
2004,UC,Prevalence,Alberta,0,188,183.3000031,192.6999969
2005,UC,Prevalence,Alberta,0,208.6999969,203.8000031,213.6000061
2006,UC,Prevalence,Alberta,0,227.3999939,222.3000031,232.3999939
2007,UC,Prevalence,Alberta,0,241.8000031,236.6000061,246.8999939
2008,UC,Prevalence,Alberta,0,257.2999878,252.1000061,262.6000061
2009,UC,Prevalence,Alberta,0,272.1000061,266.7999878,277.3999939
2010,UC,Prevalence,Alberta,0,291.2000122,285.7000122,296.6000061
2011,UC,Prevalence,Alberta,0,305.8999939,300.3999939,311.5
2012,UC,Prevalence,Alberta,0,320,314.3999939,325.6000061
2013,UC,Prevalence,Alberta,0,334.6000061,328.8999939,340.2999878
2014,UC,Prevalence,Alberta,0,350.1000061,344.3999939,355.8999939
2015,UC,Prevalence,Alberta,0,366.2000122,360.3999939,372.1000061
2016,UC,Prevalence,Alberta,0,382.8999939,377,388.7999878
2017,UC,Prevalence,Alberta,0,394.6000061,388.6000061,400.6000061
2018,UC,Prevalence,Alberta,0,407.1000061,401,413.1000061
2019,UC,Prevalence,Alberta,1,424.7999878,419.1000061,430.6000061
2020,UC,Prevalence,Alberta,1,443.7000122,428.8999939,458.3999939
2021,UC,Prevalence,Alberta,1,462.2999878,439.7000122,485
2022,UC,Prevalence,Alberta,1,480.7999878,451.1000061,510.5
2023,UC,Prevalence,Alberta,1,499.1000061,463.2000122,535
2024,UC,Prevalence,Alberta,1,517.2999878,475.7000122,558.7999878
2025,UC,Prevalence,Alberta,1,535.2999878,488.7000122,582
2026,UC,Prevalence,Alberta,1,553.2999878,502,604.5999756
2027,UC,Prevalence,Alberta,1,571.2000122,515.5999756,626.7999878
2028,UC,Prevalence,Alberta,1,589,529.4000244,648.5999756
2029,UC,Prevalence,Alberta,1,606.7999878,543.5,670.2000122
2030,UC,Prevalence,Alberta,1,624.5,557.5999756,691.5
2031,UC,Prevalence,Alberta,1,642.2000122,571.9000244,712.5999756
2032,UC,Prevalence,Alberta,1,659.9000244,586.2000122,733.5999756
2033,UC,Prevalence,Alberta,1,677.5,600.7000122,754.4000244
2034,UC,Prevalence,Alberta,1,695.0999756,615.2000122,775.0999756
2035,UC,Prevalence,Alberta,1,712.7000122,629.7000122,795.7000122
1999,UC,Prevalence,British Columbia,0,201.6999969,197.3000031,206.1000061
2000,UC,Prevalence,British Columbia,0,213.6999969,209.1000061,218.1999969
2001,UC,Prevalence,British Columbia,0,225,220.3999939,229.6000061
2002,UC,Prevalence,British Columbia,0,236,231.3000031,240.6999969
2003,UC,Prevalence,British Columbia,0,247.6000061,242.8000031,252.3999939
2004,UC,Prevalence,British Columbia,0,259.2999878,254.3999939,264.2000122
2005,UC,Prevalence,British Columbia,0,270.2000122,265.2999878,275.2000122
2006,UC,Prevalence,British Columbia,0,280.8999939,275.8999939,286
2007,UC,Prevalence,British Columbia,0,289.8999939,284.7999878,295
2008,UC,Prevalence,British Columbia,0,300.3999939,295.2000122,305.5
2009,UC,Prevalence,British Columbia,0,312.3999939,307.2000122,317.6000061
2010,UC,Prevalence,British Columbia,0,325.8999939,320.6000061,331.2000122
2011,UC,Prevalence,British Columbia,0,339.3999939,334,344.7999878
2012,UC,Prevalence,British Columbia,0,347.3999939,342,352.7999878
2013,UC,Prevalence,British Columbia,0,356.3999939,351,361.7999878
2014,UC,Prevalence,British Columbia,0,364.2000122,358.7999878,369.7000122
2015,UC,Prevalence,British Columbia,0,373.8999939,368.3999939,379.3999939
2016,UC,Prevalence,British Columbia,0,384.1000061,378.6000061,389.6000061
2017,UC,Prevalence,British Columbia,0,393.8999939,388.2999878,399.3999939
2018,UC,Prevalence,British Columbia,0,404.6000061,399,410.1000061
2019,UC,Prevalence,British Columbia,0,413.2000122,407.6000061,418.7999878
2020,UC,Prevalence,British Columbia,1,424.2000122,422.6000061,425.7999878
2021,UC,Prevalence,British Columbia,1,435.1000061,432,438.1000061
2022,UC,Prevalence,British Columbia,1,445.8999939,441.6000061,450.2999878
2023,UC,Prevalence,British Columbia,1,456.7999878,451.2000122,462.2999878
2024,UC,Prevalence,British Columbia,1,467.5,460.8999939,474.2000122
2025,UC,Prevalence,British Columbia,1,478.2999878,470.6000061,486
2026,UC,Prevalence,British Columbia,1,489,480.3999939,497.7000122
2027,UC,Prevalence,British Columbia,1,499.7000122,490.2000122,509.2999878
2028,UC,Prevalence,British Columbia,1,510.3999939,500.1000061,520.7999878
2029,UC,Prevalence,British Columbia,1,521.0999756,510,532.2999878
2030,UC,Prevalence,British Columbia,1,531.7999878,519.9000244,543.7000122
2031,UC,Prevalence,British Columbia,1,542.4000244,529.7999878,555
2032,UC,Prevalence,British Columbia,1,553.0999756,539.7999878,566.4000244
2033,UC,Prevalence,British Columbia,1,563.7000122,549.7000122,577.7000122
2034,UC,Prevalence,British Columbia,1,574.2999878,559.7000122,589
2035,UC,Prevalence,British Columbia,1,585,569.7000122,600.2000122
1998,UC,Prevalence,Saskatchewan,0,132.8000031,125.6999969,139.8999939
1999,UC,Prevalence,Saskatchewan,0,152.3999939,144.6999969,160
2000,UC,Prevalence,Saskatchewan,0,171.1999969,163,179.3000031
2001,UC,Prevalence,Saskatchewan,0,188.5,180,197
2002,UC,Prevalence,Saskatchewan,0,204.1000061,195.3000031,213
2003,UC,Prevalence,Saskatchewan,0,217.8999939,208.6999969,227.1000061
2004,UC,Prevalence,Saskatchewan,0,228.1999969,218.8999939,237.6000061
2005,UC,Prevalence,Saskatchewan,0,239.8999939,230.3000031,249.6000061
2006,UC,Prevalence,Saskatchewan,0,247.6000061,237.8000031,257.3999939
2007,UC,Prevalence,Saskatchewan,0,254.6999969,244.8999939,264.6000061
2008,UC,Prevalence,Saskatchewan,0,263.6000061,253.6000061,273.5
2009,UC,Prevalence,Saskatchewan,0,269,259,279
2010,UC,Prevalence,Saskatchewan,0,274.6000061,264.6000061,284.6000061
2011,UC,Prevalence,Saskatchewan,0,278.3999939,268.3999939,288.5
2012,UC,Prevalence,Saskatchewan,0,285.2000122,275.2000122,295.2999878
2013,UC,Prevalence,Saskatchewan,0,293.5,283.2999878,303.6000061
2014,UC,Prevalence,Saskatchewan,0,301.6000061,291.3999939,311.7999878
2015,UC,Prevalence,Saskatchewan,0,306.5,296.2000122,316.7000122
2016,UC,Prevalence,Saskatchewan,0,309.8999939,299.7000122,320.1000061
2017,UC,Prevalence,Saskatchewan,0,315,304.7000122,325.2000122
2018,UC,Prevalence,Saskatchewan,0,319.6000061,309.2999878,329.7999878
2019,UC,Prevalence,Saskatchewan,1,329.2000122,324.3999939,334.1000061
2020,UC,Prevalence,Saskatchewan,1,338.8999939,329.2999878,348.5
2021,UC,Prevalence,Saskatchewan,1,348.5,334.2999878,362.7999878
2022,UC,Prevalence,Saskatchewan,1,358.2000122,339.3999939,376.8999939
2023,UC,Prevalence,Saskatchewan,1,367.7999878,344.6000061,391
2024,UC,Prevalence,Saskatchewan,1,377.3999939,349.7999878,404.8999939
2025,UC,Prevalence,Saskatchewan,1,386.8999939,355.2000122,418.7000122
2026,UC,Prevalence,Saskatchewan,1,396.5,360.6000061,432.3999939
2027,UC,Prevalence,Saskatchewan,1,406.1000061,366.1000061,446
2028,UC,Prevalence,Saskatchewan,1,415.6000061,371.6000061,459.5
2029,UC,Prevalence,Saskatchewan,1,425.1000061,377.2999878,473
2030,UC,Prevalence,Saskatchewan,1,434.6000061,382.8999939,486.3999939
2031,UC,Prevalence,Saskatchewan,1,444.1000061,388.6000061,499.7000122
2032,UC,Prevalence,Saskatchewan,1,453.6000061,394.3999939,512.9000244
2033,UC,Prevalence,Saskatchewan,1,463.1000061,400.2000122,526
2034,UC,Prevalence,Saskatchewan,1,472.6000061,406.1000061,539.0999756
2035,UC,Prevalence,Saskatchewan,1,482.1000061,412,552.2000122
1987,UC,Prevalence,Manitoba,0,102.4000015,96.40000153,108.4000015
1988,UC,Prevalence,Manitoba,0,114.5999985,108.3000031,121
1989,UC,Prevalence,Manitoba,0,126.8000031,120.0999985,133.3999939
1990,UC,Prevalence,Manitoba,0,141,134,148
1991,UC,Prevalence,Manitoba,0,149,141.8000031,156.1999969
1992,UC,Prevalence,Manitoba,0,158.1999969,150.8000031,165.6000061
1993,UC,Prevalence,Manitoba,0,169.6999969,162,177.3000031
1994,UC,Prevalence,Manitoba,0,177.8000031,170,185.6000061
1995,UC,Prevalence,Manitoba,0,185.1999969,177.3000031,193.1999969
1996,UC,Prevalence,Manitoba,0,193.1000061,185,201.1999969
1997,UC,Prevalence,Manitoba,0,200,191.6999969,208.1999969
1998,UC,Prevalence,Manitoba,0,208.6000061,200.1999969,217
1999,UC,Prevalence,Manitoba,0,217.3000031,208.6999969,225.8000031
2000,UC,Prevalence,Manitoba,0,226.3999939,217.6000061,235.1000061
2001,UC,Prevalence,Manitoba,0,233.1000061,224.3000031,241.8999939
2002,UC,Prevalence,Manitoba,0,239.3000031,230.3999939,248.1999969
2003,UC,Prevalence,Manitoba,0,246.8999939,237.8999939,255.8999939
2004,UC,Prevalence,Manitoba,0,252.3999939,243.3000031,261.5
2005,UC,Prevalence,Manitoba,0,256,246.8999939,265.2000122
2006,UC,Prevalence,Manitoba,0,265.7999878,256.5,275
2007,UC,Prevalence,Manitoba,0,272.3999939,263,281.7000122
2008,UC,Prevalence,Manitoba,0,277.7000122,268.2999878,287.2000122
2009,UC,Prevalence,Manitoba,0,285.5,275.8999939,295
2010,UC,Prevalence,Manitoba,0,292.7999878,283.2000122,302.2999878
2011,UC,Prevalence,Manitoba,0,299.5,289.8999939,309.2000122
2012,UC,Prevalence,Manitoba,0,303.2000122,293.5,312.7999878
2013,UC,Prevalence,Manitoba,0,307.7000122,298,317.2999878
2014,UC,Prevalence,Manitoba,0,314.7999878,305,324.5
2015,UC,Prevalence,Manitoba,1,322.8999939,321.2000122,324.5
2016,UC,Prevalence,Manitoba,1,331.2000122,327.1000061,335.2999878
2017,UC,Prevalence,Manitoba,1,339.3999939,333,345.8999939
2018,UC,Prevalence,Manitoba,1,347.7000122,339,356.3999939
2019,UC,Prevalence,Manitoba,1,355.8999939,345.1000061,366.7999878
2020,UC,Prevalence,Manitoba,1,364.1000061,351.2000122,377.1000061
2021,UC,Prevalence,Manitoba,1,372.2999878,357.3999939,387.2000122
2022,UC,Prevalence,Manitoba,1,380.5,363.7000122,397.2999878
2023,UC,Prevalence,Manitoba,1,388.7000122,370,407.2999878
2024,UC,Prevalence,Manitoba,1,396.7999878,376.3999939,417.1000061
2025,UC,Prevalence,Manitoba,1,404.8999939,382.7999878,427
2026,UC,Prevalence,Manitoba,1,413,389.2999878,436.7000122
2027,UC,Prevalence,Manitoba,1,421.1000061,395.7999878,446.3999939
2028,UC,Prevalence,Manitoba,1,429.2000122,402.3999939,456
2029,UC,Prevalence,Manitoba,1,437.2000122,409,465.5
2030,UC,Prevalence,Manitoba,1,445.2999878,415.6000061,475
2031,UC,Prevalence,Manitoba,1,453.2999878,422.2000122,484.5
2032,UC,Prevalence,Manitoba,1,461.3999939,428.8999939,493.8999939
2033,UC,Prevalence,Manitoba,1,469.3999939,435.5,503.2999878
2034,UC,Prevalence,Manitoba,1,477.3999939,442.2000122,512.5999756
2035,UC,Prevalence,Manitoba,1,485.3999939,449,521.9000244
1997,UC,Prevalence,Quebec,0,57.5,55.79999924,59.29999924
1998,UC,Prevalence,Quebec,0,76.09999847,74.09999847,78.09999847
1999,UC,Prevalence,Quebec,0,92.80000305,90.59999847,95
2000,UC,Prevalence,Quebec,0,110.0999985,107.6999969,112.5
2001,UC,Prevalence,Quebec,0,123.6999969,121.1999969,126.3000031
2002,UC,Prevalence,Quebec,0,134.1999969,131.5,136.8000031
2003,UC,Prevalence,Quebec,0,143.1000061,140.3999939,145.8000031
2004,UC,Prevalence,Quebec,0,151.1999969,148.5,154
2005,UC,Prevalence,Quebec,0,158.8000031,156,161.6999969
2006,UC,Prevalence,Quebec,0,167.3999939,164.5,170.3000031
2007,UC,Prevalence,Quebec,0,175.3000031,172.3000031,178.3000031
2008,UC,Prevalence,Quebec,0,183.6999969,180.6999969,186.8000031
2009,UC,Prevalence,Quebec,0,191.1999969,188.1000061,194.1999969
2010,UC,Prevalence,Quebec,0,198.3000031,195.1999969,201.3999939
2011,UC,Prevalence,Quebec,0,205.8999939,202.6999969,209
2012,UC,Prevalence,Quebec,0,213.1999969,210,216.3999939
2013,UC,Prevalence,Quebec,0,221.1999969,217.8999939,224.3999939
2014,UC,Prevalence,Quebec,0,228.8999939,225.6000061,232.1000061
2015,UC,Prevalence,Quebec,1,238.1000061,232.8000031,243.5
2016,UC,Prevalence,Quebec,1,248.8000031,238.6999969,259
2017,UC,Prevalence,Quebec,1,259.5,244.1999969,274.7999878
2018,UC,Prevalence,Quebec,1,270.1000061,249.8999939,290.3999939
2019,UC,Prevalence,Quebec,1,280.7000122,255.6000061,305.7999878
2020,UC,Prevalence,Quebec,1,291.2999878,261.5,321.1000061
2021,UC,Prevalence,Quebec,1,301.7999878,267.5,336.1000061
2022,UC,Prevalence,Quebec,1,312.2999878,273.6000061,351
2023,UC,Prevalence,Quebec,1,322.7999878,279.7999878,365.7999878
2024,UC,Prevalence,Quebec,1,333.2999878,286.1000061,380.5
2025,UC,Prevalence,Quebec,1,343.7999878,292.5,395.1000061
2026,UC,Prevalence,Quebec,1,354.2000122,298.8999939,409.5
2027,UC,Prevalence,Quebec,1,364.6000061,305.2999878,423.8999939
2028,UC,Prevalence,Quebec,1,375,311.7999878,438.2999878
2029,UC,Prevalence,Quebec,1,385.3999939,318.2999878,452.6000061
2030,UC,Prevalence,Quebec,1,395.7999878,324.7999878,466.7999878
2031,UC,Prevalence,Quebec,1,406.2000122,331.2999878,481
2032,UC,Prevalence,Quebec,1,416.5,337.7999878,495.2000122
2033,UC,Prevalence,Quebec,1,426.8999939,344.3999939,509.3999939
2034,UC,Prevalence,Quebec,1,437.2000122,350.8999939,523.5999756
2035,UC,Prevalence,Quebec,1,447.6000061,357.3999939,537.7000122
2001,UC,Prevalence,Nova Scotia,0,247.6999969,237.6000061,257.7999878
2002,UC,Prevalence,Nova Scotia,0,270.5,259.8999939,281
2003,UC,Prevalence,Nova Scotia,0,295.1000061,284.1000061,306.1000061
2004,UC,Prevalence,Nova Scotia,0,313.7000122,302.3999939,325
2005,UC,Prevalence,Nova Scotia,0,336.1000061,324.3999939,347.7999878
2006,UC,Prevalence,Nova Scotia,0,357,344.8999939,369.1000061
2007,UC,Prevalence,Nova Scotia,0,373.2000122,360.7999878,385.6000061
2008,UC,Prevalence,Nova Scotia,0,389.6000061,376.8999939,402.2000122
2009,UC,Prevalence,Nova Scotia,0,404.2999878,391.3999939,417.1000061
2010,UC,Prevalence,Nova Scotia,0,419.2000122,406.1000061,432.2999878
2011,UC,Prevalence,Nova Scotia,0,431.7000122,418.3999939,444.8999939
2012,UC,Prevalence,Nova Scotia,0,444.2000122,430.7000122,457.6000061
2013,UC,Prevalence,Nova Scotia,0,456.3999939,442.7999878,470.1000061
2014,UC,Prevalence,Nova Scotia,0,465.2999878,451.5,479.1000061
2015,UC,Prevalence,Nova Scotia,0,477.2000122,463.2000122,491.2000122
2016,UC,Prevalence,Nova Scotia,0,481.7999878,467.7999878,495.7999878
2017,UC,Prevalence,Nova Scotia,0,487.2000122,473.2000122,501.2000122
2018,UC,Prevalence,Nova Scotia,0,492.7999878,478.7999878,506.8999939
2019,UC,Prevalence,Nova Scotia,1,502.2999878,497,507.6000061
2020,UC,Prevalence,Nova Scotia,1,517.4000244,503.6000061,531.2000122
2021,UC,Prevalence,Nova Scotia,1,532.5,510.6000061,554.4000244
2022,UC,Prevalence,Nova Scotia,1,547.5,518.0999756,577
2023,UC,Prevalence,Nova Scotia,1,562.5,525.7999878,599.0999756
2024,UC,Prevalence,Nova Scotia,1,577.4000244,533.9000244,620.7999878
2025,UC,Prevalence,Nova Scotia,1,592.2000122,542.2999878,642.0999756
2026,UC,Prevalence,Nova Scotia,1,607,550.9000244,663.0999756
2027,UC,Prevalence,Nova Scotia,1,621.7000122,559.7999878,683.7000122
2028,UC,Prevalence,Nova Scotia,1,636.4000244,568.9000244,704
2029,UC,Prevalence,Nova Scotia,1,651.0999756,578.0999756,724.0999756
2030,UC,Prevalence,Nova Scotia,1,665.7000122,587.5999756,743.9000244
2031,UC,Prevalence,Nova Scotia,1,680.2999878,597.2000122,763.4000244
2032,UC,Prevalence,Nova Scotia,1,694.9000244,607,782.7999878
2033,UC,Prevalence,Nova Scotia,1,709.5,616.9000244,802
2034,UC,Prevalence,Nova Scotia,1,724,627,821
2035,UC,Prevalence,Nova Scotia,1,738.5,637.0999756,839.9000244
1999,UC,Prevalence,Ontario,0,177.3000031,174.8999939,179.8000031
2000,UC,Prevalence,Ontario,0,187.8000031,185.3000031,190.3000031
2001,UC,Prevalence,Ontario,0,196.1000061,193.6000061,198.6000061
2002,UC,Prevalence,Ontario,0,205.3999939,202.8000031,207.8999939
2003,UC,Prevalence,Ontario,0,216,213.3999939,218.6000061
2004,UC,Prevalence,Ontario,0,225.8000031,223.1999969,228.3999939
2005,UC,Prevalence,Ontario,0,238.3000031,235.6000061,241
2006,UC,Prevalence,Ontario,0,249,246.3000031,251.6999969
2007,UC,Prevalence,Ontario,0,260.2000122,257.3999939,263
2008,UC,Prevalence,Ontario,0,271.6000061,268.7999878,274.5
2009,UC,Prevalence,Ontario,0,283.6000061,280.7000122,286.5
2010,UC,Prevalence,Ontario,0,294.2999878,291.3999939,297.2999878
2011,UC,Prevalence,Ontario,0,306.7999878,303.7999878,309.7999878
2012,UC,Prevalence,Ontario,0,318.2000122,315.2000122,321.2000122
2013,UC,Prevalence,Ontario,0,331,327.8999939,334
2014,UC,Prevalence,Ontario,0,342.8999939,339.7000122,346
2015,UC,Prevalence,Ontario,0,355,351.7999878,358.1000061
2016,UC,Prevalence,Ontario,0,363.2999878,360.2000122,366.5
2017,UC,Prevalence,Ontario,1,373.6000061,372.7000122,374.6000061
2018,UC,Prevalence,Ontario,1,384.5,382.6000061,386.5
2019,UC,Prevalence,Ontario,1,395.5,392.6000061,398.2999878
2020,UC,Prevalence,Ontario,1,406.3999939,402.7999878,410
2021,UC,Prevalence,Ontario,1,417.3999939,413.2000122,421.6000061
2022,UC,Prevalence,Ontario,1,428.2999878,423.6000061,433.1000061
2023,UC,Prevalence,Ontario,1,439.2999878,434,444.6000061
2024,UC,Prevalence,Ontario,1,450.2999878,444.5,456.1000061
2025,UC,Prevalence,Ontario,1,461.2999878,455.1000061,467.5
2026,UC,Prevalence,Ontario,1,472.2999878,465.7000122,478.8999939
2027,UC,Prevalence,Ontario,1,483.2999878,476.2999878,490.2999878
2028,UC,Prevalence,Ontario,1,494.2999878,486.8999939,501.6000061
2029,UC,Prevalence,Ontario,1,505.2999878,497.6000061,513
2030,UC,Prevalence,Ontario,1,516.2999878,508.2000122,524.4000244
2031,UC,Prevalence,Ontario,1,527.2999878,518.9000244,535.7000122
2032,UC,Prevalence,Ontario,1,538.2999878,529.5999756,547.0999756
2033,UC,Prevalence,Ontario,1,549.2999878,540.2000122,558.4000244
2034,UC,Prevalence,Ontario,1,560.2999878,550.9000244,569.7999878
2035,UC,Prevalence,Ontario,1,571.2999878,561.5999756,581.0999756